<?xml version="1.0" encoding="UTF-8"?>
<!DOCTYPE suite SYSTEM "https://testng.org/testng-1.0.dtd">
<suite name="Suite">
  <test thread-count="5" name="Test">
    <classes>
      <class name="extentreporttestcases.CreateLeadExtentReportTest"/>
      <class name="extentreporttestcases.DuplicateLeadExtentReportTest"/>
      <class name="extentreporttestcases.EditLeadExtentReportTest"/>
      <class name="extentreporttestcases.CreateContactExtentReportTest"/>
    </classes>
  </test> <!-- Test -->
</suite> <!-- Suite -->
